[
  {
    "filename": "Comprehensive_ML_Models_Descriptions.pdf",
    "page": 0,
    "text": "Comprehensive Machine Learning Models Overview\nLinear Regression\nLinear Regression is a fundamental supervised learning algorithm used primarily for predicting\ncontinuous numeric values. It models the relationship between a dependent variable and one or\nmore independent variables by fitting a linear equation to observed data.\nAdvantages:\nOne of the major advantages of linear regression is its simplicity and ease of interpretation. It works\nwell when there is a linear relationship between the input and output variables, and it is\ncomputationally efficient.\nDisadvantages:\nHowever, linear regression can perform poorly when the data has a non-linear relationship or when\nthere are multicollinearity issues among the features. It is also sensitive to outliers, which can skew\nthe results significantly.\nLogistic Regression\nLogistic Regression is used for binary classification problems. It predicts the probability that an\ninstance belongs to a particular category by applying a logistic function to a linear combination of\ninput features.\nAdvantages:\nIt is a simple and effective algorithm for binary classification tasks and provides probabilistic outputs,\nwhich can be useful for decision making. It also works well when the data is linearly separable.\nDisadvantages:\nDespite its usefulness, logistic regression struggles with complex relationships and non-linear data.\nIt assumes a linear decision boundary and may underperform when this assumption does not hold.\nDecision Tree"
  },
  {
    "filename": "Comprehensive_ML_Models_Descriptions.pdf",
    "page": 1,
    "text": "A Decision Tree is a flowchart-like structure used for classification and regression tasks. It splits the\ndata into subsets based on the value of input features, leading to a tree of decisions.\nAdvantages:\nDecision trees are easy to understand and visualize, requiring little data preprocessing. They can\nhandle both numerical and categorical data and are capable of modeling non-linear relationships.\nDisadvantages:\nThey are prone to overfitting, especially when the tree is deep. Decision trees can also be unstable\nas small changes in the data can lead to a completely different tree structure.\nRandom Forest\nRandom Forest is an ensemble learning method that builds multiple decision trees and merges them\ntogether to get a more accurate and stable prediction. It uses the concept of bagging, where each\ntree is trained on a random subset of the data and features.\nAdvantages:\nRandom Forest improves prediction accuracy and helps to reduce overfitting compared to a single\ndecision tree. It can handle both classification and regression tasks and is robust to noise and\noutliers.\nDisadvantages:\nThe model can become complex and less interpretable as it consists of many individual decision\ntrees. It is also computationally intensive, especially with a large number of trees and\nhigh-dimensional data.\nSupport Vector Machine (SVM)\nSupport Vector Machine is a powerful supervised learning model used for classification and\nregression. It works by finding the hyperplane that best separates the classes in the feature space,\nmaximizing the margin between the classes.\nAdvantages:"
  },
  {
    "filename": "Comprehensive_ML_Models_Descriptions.pdf",
    "page": 2,
    "text": "SVM is effective in high-dimensional spaces and works well for both linear and non-linear data\nthrough the use of kernel functions. It is also memory efficient since it uses a subset of the training\npoints in the decision function.\nDisadvantages:\nTraining time can be long, especially for large datasets. It also requires careful tuning of parameters\nand the choice of kernel, and the results can be difficult to interpret.\nK-Nearest Neighbors (KNN)\nK-Nearest Neighbors is an instance-based learning algorithm that classifies a data point based on\nhow its neighbors are classified. It makes predictions by considering the majority vote of its 'k'\nclosest training examples in the feature space.\nAdvantages:\nKNN is simple and intuitive, requiring no training phase. It is effective with a sufficient amount of\nrepresentative data and works well for multi-class classification problems.\nDisadvantages:\nKNN is computationally expensive at prediction time, especially with large datasets. It also performs\npoorly with high-dimensional data due to the curse of dimensionality and is sensitive to the choice of\ndistance metric and the value of k.\nNeural Networks\nNeural Networks are computational models inspired by the human brain, consisting of\ninterconnected layers of artificial neurons. They are capable of capturing complex relationships in\ndata and are widely used in deep learning applications such as image and speech recognition.\nAdvantages:\nNeural Networks can model non-linear and complex patterns with high accuracy. They are highly\nflexible and can be adapted to a wide range of tasks including classification, regression, and\ngeneration."
  },
  {
    "filename": "Comprehensive_ML_Models_Descriptions.pdf",
    "page": 3,
    "text": "Disadvantages:\nThey require large amounts of data and computational resources for training. Neural networks are\noften considered as 'black boxes' due to their lack of interpretability, and they need careful tuning of\nhyperparameters to perform well."
  }
]