[
  {
    "filename": "file_8.pdf",
    "page": 0,
    "text": "An empty string in Python is simply a string that has no characters in it. It is often used when we\nneed to represent \"nothing\" or initialize a string variable.\nIn this article, we will explore how to create an empty string in Python using different methods.\nUsing Two Quotation Marks\nThe simplest way to define an empty string is by using two quotation marks with nothing in between.\nThese can be single (') or double (\") quotes. Both are valid.\n1\ns = \"\"\n2\nprint(s)\nUsing str() constructor\nYou can also use Pythons built-in str() function to create an empty string. This is useful when you\nwant to ensure that the variable is always a string.\n1\ns = str()\n2"
  },
  {
    "filename": "file_8.pdf",
    "page": 1,
    "text": "print(s)\nAssigning an Empty String via Variable\nSometimes, we may want to initialize a string variable and leave it empty for now. This is common\nwhen we plan to build the string step by step later in our program.\n1\ns = \"\"\n2\n# We can later add more characters to it\n3\ns += \"Hello\"\n4\nprint(s)\nOutput\nHello\nComment\nMore info\nCampus Training Program"
  },
  {
    "filename": "file_8.pdf",
    "page": 2,
    "text": "Next Article \nConvert integer to string in Python\nSimilar Reads\nMultiline String in Python\nA sequence of characters is called a string. In Python, a string is a derived immutable data typeonce\ndefined, it cannot be altered. To change the strings, we can utili...\n15+ min read\nPython String - printable()\nIn Python string.printable is a pre-initialized string constant that contains all characters that are\nconsidered printable. This includes digits, ASCII letters, punctuatio...\n12 min read\nConvert String to Int in Python\nIn Python, converting a string to an integer is important for performing mathematical operations,\nprocessing user input and efficiently handling data. This article will ex...\n15+ min read\nInitialize an Empty Dictionary in Python\nTo initialize an empty dictionary in Python, we need to create a data structure that allows us to store\nkey-value pairs. Different ways to create an Empty Dictionary are:U...\n15+ min read\nConvert integer to string in Python\nIn this article, well explore different methods for converting an integer to a string in Python. The most\nstraightforward approach is using the str() function.Using str...\n10 min read\nHow to Initialize a List in Python\nPython List is an ordered collections on items, where we can insert, modify and delete the values.\nLet's first see how to initialize the list in Python with help of differ..."
  },
  {
    "filename": "file_8.pdf",
    "page": 3,
    "text": "8 min read\nstring.punctuation in Python\nIn Python, the string module is a pre-initialized string used as a string constant. One such constant\nis string.punctuation, which provides a predefined string containing...\n15+ min read\nPython - String min() method\nThe min() function in Python is a built-in function that returns the smallest item in an iterable or the\nsmallest of two or more arguments. When applied to strings, it ret...\n14 min read\nStringIO Module in Python\nThe StringIO module is an in-memory file-like object. This object can be used as input or output to\nthe most function that would expect a standard file object. When the St...\n15+ min read\nConvert String into Variable Name in Python\nThere may be situations where you want to convert a string into a variable name dynamically. In this\narticle, we'll explore how to convert a string into a variable name in...\n15+ min read"
  }
]