[
  {
    "filename": "fileup.pdf",
    "page": 0,
    "text": "Features of Python\nPython stands out because of its simplicity and versatility, making it a top choice for both beginners\nand professionals. Here are some key features or characteristics:\nEasy to Read and Write: Pythons syntax is clean and simple, making the code easy to understand\nand write. It is suitable for beginners.\nInterpreted Language: Python executes code line by line, which helps in easy debugging and testing\nduring development.\nObject-Oriented and Functional: Python supports both object-oriented and functional programming,\ngiving developers flexibility in how they structure their code.\nDynamically Typed: You dont need to specify data types when declaring variables; Python figures it\nout automatically.\nExtensive Libraries: Python has a rich collection of libraries for tasks like web development, data\nanalysis, machine learning and more.\nCross-Platform: Python can run on different operating systems like Windows, macOS and Linux\nwithout modification.\nCommunity Support: Python has a large, active community that continuously contributes resources,\nlibraries and tools, making it easier to find help or solutions.\n    This Python tutorial is updated based on latest Python 3.13.1 version.\nApplications of Python\nWeb Development: Frameworks like Django and Flask can be used to create dynamic websites and\nweb applications quickly and efficiently.\nData Science & Analysis: Python is most preferred language for data analysis, visualization and\nhandling large datasets. Because of extensive libraries like Pandas, NumPy and Matplotlib.\nMachine Learning & AI: Python is popular in AI and machine learning because of its powerful"
  },
  {
    "filename": "fileup.pdf",
    "page": 1,
    "text": "libraries like TensorFlow, Keras and Scikit-learn.\nScripting & Automation: Pythons simplicity makes it ideal for writing scripts that automate tasks in\ndifferent systems, from server management to file handling. Python is commonly used to automate\nrepetitive tasks, making processes faster and more efficient.\nWeb Scraping: Libraries like Beautiful Soup and Scrapy.\nDesktop App Development: Python can be used to build desktop applications using frameworks like\nTkinter and PyQt. Python is also used for game development, with libraries like Pygame to create\nsimple games"
  }
]