[{"filename": "file_10.pdf", "page": 0, "text": "The index() method in Python is used to find the position of a specified substring within a given\nstring. It is similar to the find() method but raises a ValueError if the substring is not found, while\nfind() returns -1. This can be helpful when we want to ensure that the substring exists in the string\nbefore proceeding. Let's see a simple use of index():\n1\ns = \"Python programming\"\n2\n3\np = s.index(\"prog\")\n4\nprint(p)\nOutput\n7\nExplanation: index() method searches for the substring \"prog\" within \"Python programming\" and\nreturns starting index 7.\nSyntax of index()\ns.index(substring, start=0, end=len(s))\nParameters:"}, {"filename": "file_10.pdf", "page": 1, "text": "substring: The substring to locate within the string s.\nstart (optional): The starting index for the search. Defaults to 0 if not provided.\nend (optional): The ending index for the search. If not provided, it defaults to the length of the string.\nReturn Type:\nReturns the lowest index of the substring if found in the given string.\nRaises a ValueError if the substring is not found in the specified range.\nExample of index() Method\nLet's understand the use of index() with the help of some examples.\nExample 1: Using index() with only substring argument\nThis code demonstrates how to find the index of a substring within a string using the index() method.\n1\ns = \"Python programming is powerful\"\n2\n3\np = s.index(\"programming\")\n4\nprint(p)"}, {"filename": "file_10.pdf", "page": 2, "text": "Output\n7\nExplanation:\nHere, we only provide the substring argument \"programming\".\nindex() searches from the start of the string and finds \"programming\" at index 7, which it returns.\nExample 2: Using index() with substring, start and end arguments\nThis code demonstrates how to find the index of a substring within a specific range of a string using\nthe index() method with optional start and end parameters.\n1\ns = \"Python programming is fun\"\n2\n3\np = s.index(\"is\", 10, 25)\n4\nprint(p)\nOutput\n19\nExplanation:"}, {"filename": "file_10.pdf", "page": 3, "text": "We specify start=10 and end=25, so index() searches between these positions.\nIt finds \"is\" at index 18 within this range and returns 18.\nRelated Articles:\nPython String find() Method\nPython String rindex() Method\nPython String rfind() Method\nComment\nMore info"}]